id,file_name,attributes,category,composition,human_description,issue,mood,notes,palette,quality,llm_description,style_match,triage
1,images/abstract_2025-04-05_18-13-32_7670_-_copy-e060652e.png,vector_flat,abstract,other_composition,"Two balls or orbs at the top part of the frame. The top half of each ball is blue and the bottom is baby blue, with a reflection on each and a yellow star in the middle with some yellow dots on each side in the bottom part of the ball as well. Both balls are identical but the one on the right top of the frame is smaller in size. Beneath the two balls is an object that resembles a compact disc, that is silver and blue with two dark blue reflections on each side. The background of the image is a dark flat green without any gradient. Beneath the smaller ball the top right as well as beneath the compact disc object is some kind of abstract shadow that is in the shape of a box-like composition. Between the two balls and to the left of the compact disc are each a line of yellow dotes, about six or seven dots in each line. ",,playful,,blue; green; high_contrast; other_palette,2,"Bright, colorful inflatable rings with stars and polka dots; a solid dark green background; flat illustration; top-down perspective; pastel and vibrant hues; even, soft illumination; playful and cheerful; stars, dots, reflections; medium shot; clean, graphic.",1,maybe
2,images/abstract_2025-04-05_18-18-04_4247-ee342c43.png,realistic,abstract,close_up,This is an image of a very abstract image on some lush green grass. The main object of the image is a red petal of some sort with a yellow circular pedal on top of it which has the resemblance of an eye. There is not clear lore or scene to the image and it is unclear what this object is.,other_issue,eerie,,green; other_palette,2,"A textured red petal with a bumpy yellow circle. Set against lush green foliage. High angle view. Bright, natural light. Cheerful mood. Water droplets, petals, leaves. Close-up, shallow depth of field. Vivid colors.",1,skip
3,images/abstract_2025-04-05_18-23-27_9285-ff29deff.png,vector_flat,abstract,medium,"This is a highly abstract vector art image. It is difficult to determine what this is at all supposed to represent, and perhaps the best guess is some kind of bacteria of some sort in a playful manner. But it is clearly not a style match. The puzzling meaning behind the art was considered the Flag for ""other_issue"" in terms of quality. ",other_issue,playful,,blue; pastel; other_palette,2,"Abstract organic forms; black void; graphic illustration; radial symmetry; cyan, yellow, and gold; flat; playful; spots, tubes, tendrils; medium shot; high contrast; no photo.
",1,skip
4,images/abstract_2025-04-05_18-24-09_9759-0b041b69.png,vector_flat,abstract,medium,"This is a highly abstract flat cartoon image of some type of weird object, maybe bacteria or something else. It is clearly not a style match for this project. There is blurring noise with the yellow objects. The image is too abstract to determine if there is artifacting or not.",blur_noise; duplicate,playful,,blue; other_palette,2,"Golden, crown-like shapes with turquoise centers flowing on a bright blue ribbon against a black backdrop. Flat, graphic style, top-down view, vibrant palette. Playful, abstract. Gems, gold, liquid. Clean, sharp. Digital art. No realism.
",1,skip
5,images/abstract_2025-04-05_18-26-51_6673-d7b2583d.png,vector_flat,abstract,close_up,This is an abstract vector image of what looks like an eye made of a diamond shape for the pupil. The meaning of the image is unclear. There is a quality issue with the black outline of the ey which looks blurred or unfinished with some kind of noise.,blur_noise; artifacting,sacred,,blue; other_palette,2,"Geometric crystal; Abstract; Minimalist; Centered; Blue and white; Bright; Clean; Prism, facet, clarity; Eye-level shot; Clean lines; No texture.",1,skip
6,images/abstract_2025-04-05_18-28-52_3229-6085be89.png,vector_flat,abstract,close_up,"This is a highly abstract image of depiction of what looks like a cartoon eye of some sort, with an mystical quality to it. It is too abstract to be a style match. ",,other_mood,,blue,3,"A stylized baseball home plate; abstract, clean; centered; blue, white, gray; bright, even; graphic, stark; lines, circle, shape; eye-level; flat; avoid depth, shadows, texture
",1,maybe
7,images/abstract_2025-04-05_18-31-33_4272-d32a7017.png,vector_flat,abstract,close_up,This is a vector flat image of an diamond in an eye. It is not consistent with a style match. There is blurring noise at the bottom edge of the drawing of the eye which hinders overall quality. ,blur_noise,sacred,,blue; other_palette,2,"An eye shape containing a faceted gem. Digital art. Centered composition. Blue and white palette. Soft, even lighting. Clean, modern mood. Diamond, eye, polygon. Close-up shot. No heavy effects.
",1,skip
8,images/abstract_2025-04-05_18-32-51_1304-6a9d9157.png,realistic,abstract,close_up,"This is an abstract image of what looks like a balloon shaped like an eye with a blue circle for the pupil and a blue outline as the eyelid. The background seems like it is grass. However, there is not enough here to say there is any lore or a scene and is too devoid of meaning to be fitting of a style.",,playful,,blue; green; high_contrast; other_palette,3,"An eye-shaped umbrella on grass. Graphic, clean. Straight down, close-up. Blue, white, green. Daylight. Playful. Fabric, circles, pole. Top-down view. Brightness, contrast. No shadows, no people.",2,skip
9,images/abstract_2025-04-05_18-33-29_1233-5f67abc6.png,painterly,abstract,close_up,"This is an image of some kind of graphic object, but is very abstract and hard to understand what it is supposed to be. It almost appears as if it is a photograph of a microscopic mark somewhere. It lacks any lore and scene elements, but there also aren't really any quality issues that stand out.",,other_mood,,blue; green,2,"A circular, stylized cross symbol on a dark, textured surface. High contrast, abstract realism. Centered, close-up view. Blue, white, and yellow palette. Brightly illuminated subject. Mysterious, focused mood. Geometric, light, texture. Macro lens, shallow depth of field. Soft focus, slight chromatic aberration. No people, text, or faces.
",1,skip
10,images/abstract_2025-04-18_22-19-49_7844-938a6039.png,realistic,abstract,close_up,This is an image of just the lens of a camera but without the body of the camera itself. The lens stands on a tripod in the middle of a field of yellow flowers. There is a quality issue with the text around the lens being garbled and artifacted. ,artifacting,playful,,green,2,"Camera lens; Lush garden; Realistic; Close-up; Yellow and green; Natural daylight; Serene; Blooms, leaves, tripod; Eye-level shot; Soft focus; avoid bokeh",1,skip
11,images/abstract_2025-04-18_22-20-29_9843-f5e59846.png,realistic,abstract,close_up,This is an image of a camera of some type and its viewing screen showing an image or video it took as if someone was reviewing footage on it. There is garbled text on the camera unit and there is no style match in the image. ,artifacting,other_mood,,green; other_palette,2,"A person walks down a road towards mountains. Cozy living room, vintage television. Cinematic. Medium shot. Muted earth tones, soft lamp light. Reflective. Journey, landscape, screen. Eye-level. High contrast.
",1,skip
12,images/abstract_2025-04-18_22-24-27_1180-d2cd1a02.png,realistic,abstract,medium,"This is an image of a type of digital camera by Kodak in a basic and homey living room environment. The image on the screen of the digital camera device does not match the scene in the living room, as if it's viewing other images from another time. There is a serious quality issue with much of the text on the screen of the camera, except for the two depiction of the Kodak logo. ",artifacting,other_mood,No people.,green,1,"Digital camera; Living room; Cinematic; Close-up; Warm tones; Soft ambient; Nostalgic; Screen, camera, road; Medium shot; Slightly desaturated; No filters.",1,skip
13,images/abstract_2025-04-19_06-04-26_9771-08cd6066.png,vector_flat,abstract,medium,"This is a group of abstract flame emoji type images wearing sunglasses, about ten in all. Because they are supposed to be the same emoji type persona, they should be either exactly the same visually or each with different personas and slight deviations. In this instance there are differences on some but not all and those differences are visual inconsistencies like with the square flame on the bottom emoji instead of triangular. The emoji objects themselves are also too abstract and in general the image seems amateurish. ",artifacting; other_issue,playful,,other_palette,1,"Abstract flame-like shapes; Black background; Watercolor illustration; Scattered, overlapping; Warm and bright; Soft, diffused; Playful, energetic; Fire, petals, color; Eye-level view; Subtle texture; No text.
",1,skip
14,images/abstract_2025-04-19_06-27-21_5360-fde02dc4.png,realistic; other_attributes,misc,close_up,There is an abstract frisbee type of object lying on some grass near a beach. The blue metallic frisbee has a smiley emoji type of face on it and evokes a sense of playfulness. The time is sunset with a few clouds in the sky. There are no people around. There is a slight issue of resolution with the sand in the beach but because it is out of focus it is not significant. ,,playful,No people.,blue; green,3,"A blue, smiley-faced object; a beach at sunset; photorealistic; close-up, low angle; blue, yellow, green, warm tones; soft, golden hour; playful, serene; grass, sand, waves; wide-angle lens; shallow depth of field; no people.",2,maybe
15,images/abstract_2025-04-19_06-31-55_7467-a91af494.png,realistic; vector_flat,abstract,medium,This is a strange and abstract scene of what looks like a hot air balloon of some sort with a person sitting on a wooden platform attached with a drawing of a blue string that is actually a walkway touching the green ground. There is much artifacting with the rendering of the person and the smaller stars on the balloon shaped object are deformed. The scene is confusing it can not be a style match. ,artifacting,playful,,green; other_palette,2,"A person on a wooden platform attached to a giant red sphere with stars. The sphere sits on green water. The image is a high-angle, aerial view with vibrant, contrasting colors. A playful, whimsical mood. Water, stars, platform. Sharp focus. Bright daylight.
",1,skip
16,images/abstract_2025-04-19_06-32-37_4034-4169c730.png,vector_flat,abstract,close_up,"This is a flat vector based abstract image of a star shape encircled by maybe a lollipop type of object, but since it is so abstract it is still very unclear. The style of the image is whimsical and playful. However, there is not enough of lore or scenic type of elements in this image to be  style match for the project. ",,playful,,blue; green; other_palette,3,"Torch with a crescent and star; isolated on a flat, textured, deep green background; graphic, stylized; centered, medium shot; bold, primary; even, diffused; celebratory, hopeful; flame, stars, circle; eye-level; clean, vector-like; realistic textures, gradients, reflections.
",1,skip
17,images/abstract_2025-04-19_09-33-18_6433-eeec4f95.png,realistic,abstract,close_up,"This is a playful abstract scene of a red bowl with some yellow paper toy stars strewn about and a few toy starfishes on the green ground. The scene lacks any compatible lore with the targeted style of the project, despite being nearly flawless from quality issues. ",,playful,,green; pastel; high_contrast; other_palette,4,"Yellow stars; A textured green surface with a red dish; Whimsical, stylized; High angle, overhead shot; Primary colors, high contrast; Soft, diffused; Joyful, playful; Stars, ribbon, textures; Wide lens; Shallow depth of field; No faces, text, or harsh shadows.
",1,skip
18,images/abstract_2025-04-19_11-44-42_1083-5412633a.png,vector_flat,abstract,medium,"This is an abstract image of two cartoon characters that are circular shaped with rays or sticks coming out of them. They each have one eye and are smiling. The style is in a flat, vector style. There is a quality issue with some of the rays or sticks of both of the characters being artifacted from the image generation which is a noticeable flaw.",artifacting,playful,,green; pastel,2,"Two cartoonish, circular creatures with expressive eyes and smiles.  Flat illustration.  Centered, with soft shadows.  Bright yellow, green, pink, and white.  Cheery and playful.  Eyes, mouths, spikes.  Close-up.  Digital.  No text.",1,skip
19,images/abstract_2025-04-19_15-39-33_5812-b8fe437c.png,realistic,abstract,close_up,"This is a outdoor structure or sculpture even, with a campfire of oven fire burning inside it during sunset. The structure seems to look like the side of a robotic face with maybe a pencil being tapped at its temple, which is a common expression of knowledge or thought. However, that is unclear but visually that's what it looks like. ",,playful,Clouds. No people.,blue; green,4,"An outdoor oven with a crackling fire, nestled on a grassy hillside at sunset. Photorealistic, close-up perspective, warm and vibrant palette. Golden hour lighting, cozy and inviting mood. Smoke, embers, berries. Low angle shot, shallow depth of field.
",2,skip
20,images/abstract_2025-04-19_18-09-56_9427-a351907b.png,realistic,abstract,medium,"This is a piece of artwork like a sculpture of even relic of some sort, with sacred candles lit around it. There is a floating golden star in the middle. It's too devoid of lore or matching elements to the style for this project. There is some illogical structure with the relic near the left side of the frame with its two points, which seem to not match the physical flow of the circular object well in the background. ",artifacting,sacred,,blue; gold; other_palette,3,"Crescent moon and star sculpture; dimly lit room; antique; centered; gold, red, dark blue; warm, soft glow; serene; candles, gold leaf, wood grain; eye-level shot; subtle reflections, shallow depth of field; no text, people.
",1,skip
21,images/abstract_2025-04-19_18-11-14_7326-9cd21f6b.png,realistic; painterly,abstract,close_up,A sculpture of a star inside a circular object consisting of a few colors that are strongly saturated. It is on a circular table surrounded by smaller golden star statues. The concept is abstract but it something that could be seen as a decorative piece in a house or gallery.,,playful,,blue; gold,3,"A golden star encased in a rusty crescent, resting on a dark blue table. Cinematic, dramatic lighting highlights the textured materials. A thoughtful, slightly melancholic mood prevails. Rain, metal, gold. Close-up, shallow depth of field. No text.",2,maybe
22,images/abstract_2025-04-19_18-14-00_3278-82cd5fa6.png,vector_flat,abstract,close_up,"This is an abstract flat image of some kind of crest or glyph, in high contrast blues and golden yellows, with a green background. Despite an actual color match for a style match, the highly abstract vector image style is more a match for an emoji than the targeted style for this project.",,other_mood,,blue; green; gold,3,"Abstract design; Plain background; Geometric; Centered; Blue, green, white; Flat; Bold; Circles, curves, symmetry; Eye-level shot; Sharp focus, no blur, no grain.
",1,skip
23,images/abstract_2025-04-20_00-16-47_9659-34a38761.png,realistic,abstract,medium,"This is an image of an artwork made of stone and metal most likely, in the form of a star and two circular arches around it made of gold. The artwork stands on a wooden platform in a field of rolling hills with a village in the background. It is likely newly nighttime or during the day darkened by the heavy rainclouds in the sky. The stone base is of a purple color with a pattern of wires around it. There are a few candles around it as well. There is some text in the bottom right corner that is garbled from the generation. It seems to be an attempt at trademark name with ""scope"" in it.",artifacting; other_issue,playful,,blue; green; gold,1,"Crescent moon and star decoration; Outdoor nighttime landscape with hills; Realistic rendering; Close-up on decorative objects; Warm gold, red, dark blues, and greens; Dramatic contrast, soft ambient light; Serene, festive; Lights, candles, fabric; Eye-level shot; Subtle bokeh, high detail; No text overlays",2,skip
24,images/abstract_2025-04-20_00-18-07_7951-75c82d2b.png,realistic,abstract,medium,An abstract ritual or relic in a snowy landscape with a golden star lit up by Christmas lights and candles. There is a very noticeable issue with the watermark text in the bottom right corner not being rendered correctly and with wavy lines in the rendering of the relic or ritual object. ,blur_noise; artifacting,sacred,No people. ,gold; other_palette,1,"A glowing crescent moon and star decoration; A snowy mountain landscape during a light rain; Realistic, photographic; Centered, medium shot; Warm yellows and cool blues; Soft, ambient, illuminated by decorative lights and candles; Enchanting, festive; Snow, lights, candles; Eye-level; Detailed, high contrast; No text, no people, no abstract elements.
",1,skip
25,images/abstract_2025-04-20_00-19-03_4497-08af909b.png,realistic,abstract,medium,This is an image of a start made of lights with a swirling structure around it resting in a snow landscape with a field of flowers in the foreground before it. It is not a style match because the elements are too abstract and the use of cartoon shaped stars does not seem to be a fit. There is a very distracting garbled watermark in the bottom right corner of the image.,artifacting; watermark_text; duplicate,playful,,blue; gold,2,"A glowing star within a crescent moon arch. Snowy garden path lined with lights and yellow flowers. Digital art; low angle; warm orange and cool blue palette; magical lighting; enchanting mood; stars, lights, snow; wide lens; slight blur. No text.
",2,skip
26,images/abstract_2025-04-20_06-38-38_1035-8d7b7065.png,realistic,abstract,medium,This is some kind of abstract scene of a wooden sculpture of a star and a swirl in a snowy landscape at night with the stars shining. The wooden swirl looks to contain some artifacting in poor logic in its form. There is also a very glaring issue of poorly generated text as a watermark or signature in the bottom right corner of the image.,artifacting; watermark_text,playful,,blue; gold,1,"Wooden crescent arch and star illuminated with warm lights. Snow-covered landscape with yellow flowers and glowing candles. Night sky with falling snow. Cinematic, detailed, magical. High contrast, golden hour, ethereal glow. Camera angle low, wide. Bokeh, shallow depth of field. No people, no buildings.
",2,skip
27,images/abstract_2025-04-20_06-41-22_9156-1d135cb6.png,realistic; painterly,fantasy,medium,"This is an image of a top hat sitting on top of a sweater, but without anyone wearing it, with a pattern of flowers on the beige wall behind. The logic of the hat on the sweater is awkward and while it doesn't warrant a quality flag it does reduce it overall stylistically.",,playful,No people.,blue,2,"A fountain pen; a cosmic, swirling background; surrealism; centered, dynamic; jewel tones and gold; bright, with glowing elements; inspirational, magical; nebulae, gears, spheres; medium shot; digitally rendered; no text.",2,skip
28,images/abstract_2025-04-20_06-41-22_91561-8491c559.png,painterly; other_attributes,abstract,medium,"This is a abstract idea as a painting with a flowing scene coming out of a quilled pen. There is also a mystical lady nearby and some antique objects and orbs. The mystical lady has serious artifacting with her legs which look like the model was confused and also rendered them like tentacles, which is distracting. There are wavy lines with the circular orbs and there is overall low resolution in the image, among other issues. ",blur_noise; artifacting; duplicate; other_issue,playful,,blue; pastel,1,"A fountain pen; a cosmic, swirling background; surrealism; centered, dynamic; jewel tones and gold; bright, with glowing elements; inspirational, magical; nebulae, gears, spheres; medium shot; digitally rendered; no text.
",2,skip
29,images/abstract_2025-04-20_06-42-29_6678-4bd08493.png,realistic,fantasy,medium,"This is an image of a creepy person with a top hat with blue apocalyptic horses behind them. Despite the fantasy elements in the image, the visual style does not seem to be a style match. There might be artifacting with the rendering of the horses in the background. ",artifacting,eerie,Person present.,blue; pastel,4,"A person in a cowboy hat and a blue cloak stands before a herd of stylized, dark horses. The scene has a painterly, dramatic feel, with a tight, centered composition. The palette is dominated by blues and browns. The lighting is atmospheric, creating a sense of mystery. Details include feathers and fur. Shot with a wide lens, the image has a gritty, high-contrast finish. Avoid: facial features, overt action.
",2,skip
30,images/abstract_2025-04-20_15-14-20_1537-bcc37ac8.png,painterly,abstract,medium,"This is an abstract image of a ink pen with many pastel scenic elements flowing from its tip. The main element flowing from the pen is a pastel blue, purple, and pink swirl along with some antique objects like roulette wheels and other types of circular objects. There is also a painted woman on the bottom left of the image. There are quality issues with the rendering of the objects that have blurring noise or wavy lines which are not correct even for a painting. There is text in the bottom right which spells, ""Kokokoda"" which is not coherent in any language, although somewhat plausible as the signature of an artist. The image would be better without such text.",blur_noise; artifacting,playful,,blue; pastel,1,"A quill pen; cosmic swirl; surrealism; centered; vibrant, cool, warm; dramatic, glowing; whimsical; galaxies, spheres, timepieces; medium shot; sharp focus; no text.
",1,skip
31,images/abstract_2025-04-20_16-18-39_9650-4f438397.png,realistic,interiors,medium,"This is a lounge, maybe futuristic judging from the shapes of the lounge chairs and architectures. Other than the possible futuristic elements, there is not enough here to warrant a style match. The two rectangular lounge chairs are not consistent visually and their legs are too show as a form of artifacting. ",artifacting,other_mood,,other_palette,2,"Modern lounge chairs; Futuristic interior; Organic architecture; Wide shot; Monochromatic, desaturated; Soft ambient, subtle highlights; Serene, luxurious; Chairs, curvature, light; Eye-level perspective; High contrast, deep shadows, ambient occlusion.
",1,skip
32,images/abstract_2025-04-20_22-27-47_8942-1a7255ce.png,painterly; vector_flat,abstract,close_up,"This looks like a vector drawn face of some sort with only eyes and no other facial features, sitting on top of a lawn. The outline of the eyes is not a consistent circle and while it could be part of the style of the image seems more like amateur artwork than with purpose. This is clearly not a style match. ",,eerie,,pastel; other_palette,3,"A pink sphere with two teal circles on a swirling green grassy ground. Abstract, centered, bright, vibrant. Spheres, circles, grass. Eye-level shot. Soft focus, high contrast, warm glow. Cheerful, whimsical.
",1,skip
33,images/abstract_2025-04-20_22-32-57_8964-f96e0db6.png,vector_flat; photobash,misc,medium,"This is a funny looking cartoon turtle photoshopped on realistic grass into a realistic country hillside with clouds in the sky. It is clearly not a style match and belongs more in a book for children or something similar. While there are no clear quality issues, the image is still poor quality looking like amateurish photoshopping. ",,playful,,green,2,"Cartoon turtle; Grassy field, yellow flowers, forested hill; Simple, flat illustration; Eye-level, slightly low angle; Bright greens, blues, yellow, white; Sunny daylight; Cheerful, innocent; Grass, sky, shell; Medium shot; Sharp focus; No text.
",1,skip
34,images/abstract_2025-04-20_22-34-04_8507-ec1003fe.png,realistic; vector_flat,abstract,medium,This is a somewhat abstract image of a smiling caricature of a cartoon turtle. There is a playful or whimsical style to the depiction of the turtle and it juxtaposed on a realistically rendered lawn of grass. ,,playful,,green,3,"Cartoon turtle; grassy lawn; stylized vector; low angle; green, blue, white, black; soft daylight; cheerful; eyes, shell, grass; wide shot; minimal; no textures
",1,skip
35,images/abstract_2025-04-20_22-38-11_6235-22f24ab2.png,vector_flat,abstract,medium,"This is a flat vector image of two hearts surrounded by red and pink swirls. The hearts are red too with pink/white reflections on them, and all objects are over a pure black background. This image does not contain lore or scenic elements and is more suitable for graphic design or emojis.",,playful,,other_palette,5,"Two stylized hearts, against a black background. Graphic illustration, centered composition, red and pink palette. Soft gradient lighting, romantic mood. Paper texture, curves. Eye-level view, no visible post-processing. Avoid text.
",1,keep
36,images/abstract_2025-04-20_23-32-04_7060-9ecf40df.png,vector_flat,abstract,close_up,"This is a cartoon abstract image of a crown with globes of Earth for its spires, mad of a silver and grey color. The globes of the Earth are poorly rendered with blurring with the latitude and longitude lines being wavy and not straight when they should be. The meaning of the image is unclear and even the shape of the crown itself is flawed for an abstract image. ",blur_noise,playful,,blue; green,1,"Crown with globes; Space; Minimalist; Symmetrical; Green, blue, purple, white; Ambient; Regal; Orbs, stars, crown; Eye-level; Clean, sharp; No humans, no text
",1,skip
37,images/abstract_2025-04-20_23-52-24_4897-572ab714.png,vector_flat,abstract,close_up,This is a flat cartoon of a key in front of a sun or planet with a mountain range below and yellow swirls. The image is more a match of an emoji than the targeted style for the project. ,,sacred,,green; other_palette,3,"A stylized key in front of a celestial scene with a bright star. Flat illustration style, centered composition against a textured green background. Vibrant, saturated palette with purple, orange, yellow, and teal. Dramatic lighting. Whimsical, mysterious mood. Mountains, celestial bodies, gradients. Medium shot. Subtle grain effect.
",1,skip
38,images/abstract_2025-04-20_23-54-47_3353-dd59b6bf.png,vector_flat,abstract,medium,This is a flat vector image of what looks like the Facebook logo generated inside a crystal ball with a key or gavel object above it with a slight purple hue to a reflection on the crystal ball. There is also a blue cosmic background within the crystal ball. ,,playful,,blue; green; gold,4,"A social media logo inside a crystal ball on a dark textured background. Digital illustration. Close-up, centered. Vibrant blues, purples, and yellow. Mystical, futuristic. Orb, hammer, letter. Eye-level shot. High detail.
",2,maybe
39,images/abstract_d_a_l_l_e_2024-07-18_05_19_53_-_an_abstract_su-720f8a21.jpg,painterly,abstract,wide,This is an abstract image of a color explosion in space. It is a highly duplicated image in the project. There are orbs surrounding the explosion in the cosmic setting along with starlight at the left edge of the frame. The image is devoid of any lore elements or clearly scenic topics. ,duplicate,playful,,blue; green; other_palette,3,"Nebulae and planets; vast cosmic expanse; ethereal, painterly; wide, dynamic; celestial, fiery, electric blues; volumetric, glowing; awe-inspiring, mysterious; celestial bodies, cosmic dust, glowing gas; wide shot; subtle grain; no sharp edges
",1,skip
40,images/abstract_whisk_character434282af85c647ebb2aa08db9-818e9ea9.png,vector_flat,abstract,close_up,"This is a vector flat drawing of a crystal ball with a gavel and a logo similar to the Facebook logo inside of a purple celestial void and stars. Despite the celestial theme, the main focus of the image with the logo and the gavel are not a match of the targeted style of the project. ",,playful,,blue; gold,3,"A crystal ball containing a pound symbol, gavel, and waves within a galaxy. Illustration style. Centered composition. Blues, purples, browns, and gold palette. Soft, ambient lighting. Whimsical mood. Stars, money, law. Close-up shot. Clean edges. No text.
",2,skip
41,images/birds_2025-04-27_07-24-41_4705-ccfdbb7b.png,realistic,birds,medium,This is an image of a robotic bird with bright blue details that can likely be plastic but possibly metal. It is in mid flight in a forest setting with lush green all around. The texture of the blue material seems to indicate it could be a toy of some sort. There is slight artifacting of its metal feet but it is possible it's part of the in-image logic of the build of the bird itself rather than a flaw in the image generation.,artifacting,playful,,blue; green,4,"Mechanical bird; Forest setting; Photorealistic; Eye-level view; Vibrant blues and greens; Natural daylight; Whimsical; Feathers, gears, sky; Medium shot; Shallow depth of field; No text.",3,keep
42,images/birds_2025-04-27_07-28-36_8048-fb68a592.png,realistic,birds,medium,"A blue metallic robotic bird flying in the air in a forest setting. The bird has a sleek head and beak and could have shell made out of plastic or metal, but with limbs that are clearly metallic. There is a slight issue in quality with the feet but it is not very noticeable. The feet seem to be somewhat illogical and garbled.",blur_noise; artifacting,playful,,blue; green,3,"A mechanical blue bird; flying in a forest; digitally rendered; close-up; vibrant blue and green; soft natural light; whimsical; feathers, gears, wings; eye-level shot; sharp focus on bird; no background elements.",3,keep
43,images/birds_2025-04-27_07-40-15_1026-2f8b4b8a.png,realistic,birds,close_up,"A robotic bird flying in the sky made of plastic or painted metal, of yellow and blue feathers. It has black metal talons and feet and appears to have its eyes closed possibly. There is slight artifacting with the rendering of the talons being slightly garbled, and the wings can be shaped a bit more logically. ",artifacting,playful,,blue; other_palette,3,"Robotic bird; Over a vast blue ocean; Detailed illustration; Medium shot, centered; Blue, yellow, silver; Bright, natural; Whimsical; Gears, wires, feathers; Eye-level perspective; Sharp focus, high detail; Avoid: grounding, text, background elements
",3,keep
44,images/birds_comfy_u_i_00015-d98524d6.png,realistic; render_3d,birds,close_up,"A robotic bird composed of a sleek black metal body and sleek black metal head, with wings made of blue plastic or blue metal. It appears to be in mid flight. The background is solid black and is not in nature or in a landscape.",,playful,,blue,4,"A robotic bird; Isolated against black; Photorealistic; Full shot, in-flight; Metallic blue, chrome, black; Dramatic, bright key light; Futuristic, sophisticated; Gears, wires, feathers; Wide-angle lens; Sharp focus, no blur; Avoid: background elements, text",4,keep
45,images/canyons_2025-04-19_22-48-51_9581-130f2a9d.png,realistic; photobash,canyons,medium,"This is a green and blue river cutting through a desert canyon with a person sitting on a rock enjoying the view. This is not a style match because its more suitable for a blog or website and does not contain any related lore or scenic elements (blue energy, blue colors, celestial objects) that are common for the targeted style. The only thing that matches with the targeted style of the project is this is in a desert. There is blurring noise with the rendering of the green trees on the cliff across from the person, photoshop line as if the top of the cliff for the rock formation on the right edge of the frame was pasted over that part of the ground, and artifacting with many trees in general and some of the rock structures do not seem to flow with their edge lines naturally.",blur_noise; artifacting; other_issue,epic,Desert. ,blue; green; other_palette,2,"Person; Desert canyon with river; Realistic; Wide shot, high angle; Earth tones, blues; Golden hour sunlight; Serene; Rocks, water, sky; Drone; Natural saturation; No people in the foreground.
",1,skip
46,images/canyons_2025-04-19_22-52-09_9947-f77f0376.png,realistic,scenery,medium,"This is an image of man standing on a wooden platform who is hiking, overlooking a vast ocean sunset with jagged cliffs below. While the scene could have been stunning, there is major artifacting with the heels they have on being rendering incorrectly, along with unnatural rock formation nearby growing outside of the concrete wall and blurry and wave lines of the concrete slab near the person's legs. ",blur_noise; artifacting,epic,Water. Clouds.,blue,1,"Man with backpack on wooden walkway; coastal cliffs with sea stacks; dramatic, painterly; full shot, eye-level; vibrant blues and warm earth tones; golden hour sunlight; awe-inspiring; ocean, rocks, sky; wide-angle lens; high contrast, cinematic; no people in background
",2,skip
47,images/canyons_2025-04-19_22-55-07_1056-3d085028.png,realistic,fantasy,medium,This is an image of a person standing in a metal corridor overlooking a powerful scenic sunrise with a long winding river in a valley between mountains. The sky is half sunlit and half night full of stars. There is a quality issue with the boot on the person's right foot which does not seem to match the left foot in form. There is text on the walls of the corridor that is garbled. There are wavy lines on that wall as well and the image seems to have low resolution throughout overall. ,blur_noise; artifacting,epic,Clouds. Person present.,blue,2,"Man with backpack; opening onto a vast canyon with a winding river; realistic; wide shot, low angle; deep blues, greens, and warm earth tones; dramatic sunset, highlighting clouds and mountains; awe-inspiring; sky, mountains, river; eye-level; vibrant; no text, no harsh shadows
",3,keep
48,images/canyons_2025-04-19_23-03-56_6649-81d6b650.png,realistic,canyons,medium,"This is a canyon room of some sort with boulders etched out and carved to make the room. The room has no ""roof"" though but the walls are clearly chiseled out because of their horizonal smoothness. There is blue electric water flowing under the wooden steps on the ground with candles on the side. There is artifacting on some of the candles but it is hard to notice. This could have lore attached to it and possibly could even be a room within the Stone Ocean maybe, leading to more of a possible style match.",artifacting,sacred,No people.,blue; gold,4,"A natural cave gorge with waterfalls. A wooden walkway crosses glowing blue water. Candles illuminate the scene. Stone walls, water, candles. Wide shot. Warm, cool tones. Mysterious, peaceful. Wide-angle lens. Soft focus.
",3,maybe
49,images/canyons_2025-04-22_12-52-32_1497-6e87e499.png,realistic,canyons,medium,"This seems like a sacred space in a canyon because of the lit candles and wooden walkway that leads off into the unknown outside of the image. Much fitting lore could be possible here. There is also a heavy use of blue and gold tones, another indication of a style match. There is very noticeable blurring noise with the rendering of the wooden stairs as a significant quality issue. ",blur_noise,sacred,,blue; gold,3,"A narrow canyon with a waterfall. A wooden walkway beside a stream. A dramatic, moody atmosphere. Rocks, water, candles. Eye-level shot. Rich, dark tones with bright accents. Cinematic realism. Avoid: people, foliage, bright skies.
",3,keep
50,images/canyons_d_a_l_l_e_2024-05-27_04_54_18_-_a_large_canyon_-93b28989.jpeg,painterly,canyons,wide,"This is an alien landscape of a canyon with an astronaut in a spacesuit standing, possibly in awe, of the alien scene in front of him. The canyon consists of flowing white and green trees and roots throughout, and the walls are very tall and extend far off in the horizon from perspective. There is a pastel coloring to the image and it seems painted rather than realistic. ",,sacred,,blue; green; pastel,4,"Astronaut; Alien canyon; Ethereal; Wide shot; Teal and green; Bioluminescent; Awe-inspiring; Flora, trees, rocks; Eye-level; Soft focus; No warmth
",5,keep
51,images/canyons_image_4-afca1b6f.png,realistic,canyons,medium,This is an electric blue waterfall with glowing blue water flowing down a walkway of stone steps in a canyon setting surrounded by lit candles on the sides. There are no noticeable quality issues a the wavy lines of the stone steps match the scene of the image. The strong use of blue is one aspect of the image that makes it a strong style match. ,,sacred,Water. ,blue; gold,5,"Waterfall path; Cave; Fantasy; Leading lines; Blue and orange; Dramatic; Mystical; Rocks, water, light; Wide angle; Soft focus; People, animals, structures
",3,keep
52,images/canyons_image_5-4fa881b0.png,realistic,scenery,medium,"This is an image of wooden walkway or bridge, strutting in the middle of a cave or canyon with stone walls on each side of the bridge with striking blue electric energy bolts flowing down into water below.",,sacred,No people.,blue,5,"A wooden walkway through a cavern with vertical blue lights and waterfalls. Cinematic, wide-angle, high contrast, dark blues, browns, and oranges. Mysterious and awe-inspiring mood. Rocks, water, light. Shot with a wide lens. Minimal post-processing.",5,keep
53,images/canyons_image_9-ec362561.png,realistic,scenery,wide,"This is a snaking bright blue river carving out its existence in the midst of a very large canyon, very similar to the Grand Canyon. The scene is an epic depiction of a sunset with the sunlight fading. While not clear enough for a quality flag, there is some strange shaping with darker blue blobs in the river, and also some of the desert ground in teh bottom left corner of the frame seems too rounded. Not too close of a style match since there doesn't seem to be enough lore to qualify, however, because it contains water and a desert landscape and during sunset it might still be a match for style.",,epic,Desert. Water.,blue,4,"A winding river cutting through a vast canyon. Realistic, scenic vista; diagonal composition. Earthy browns, sandstone oranges, and vivid turquoise. Golden hour sunlight illuminating canyon walls. Serene, awe-inspiring mood. Rocks, cliffs, water. Aerial perspective. Deep depth of field. Vibrant color saturation.
",3,maybe
54,images/carl_sagan_2025-04-20_19-05-34_6043-9f972868.png,realistic,fantasy,medium,"This is a man playing the piano with mystical blue butterflies flying around  him. The piano has some illogical lights on it as a form of artifacting. There appears to be some type of water droplets or rain in the image but the image is set indoors so that is also illogical as artifacting. Overall, the scene is somewhat confusing. A sidenote is that the file name contains the string of the name of ""carl sagan"" in it, but this person does not resemble Carl Sagan at all. ",artifacting,eerie,,blue,2,"A man plays a piano surrounded by glowing blue butterflies. Dark, atmospheric. Realistic, cinematic. Close-up. Cool blues, warm golds. Dramatic, magical. Piano keys, light, wings. Eye-level shot. Subtle bokeh. No text.
",1,skip
55,images/carl_sagan_d_a_l_l_e_2024-06-13_09_36_38_-_a_photoreali-fa506c4c.webp,realistic,carl_sagan,close_up,"The filename states this is Carl Sagan in the Land of the Dead. The image does not confirm independently of the filename that this is the ""Land of the Dead"" so that is not a considered aspect. However, this does resemble Carl Sagan. He is pushing a button a computer keyboard and golden energy is bursting out of it along with bugs, mainly golden butterflies. It is not clear if this should be a style match, although maybe there is some common theme with also Abraham Lincoln, another common historical figure appearing in the images in this project. There is clear blurring noise with the keys on the keyboard and artifacting with the shape of the bugs, even though much artistic liberty can be taken with those shapes they are not natural enough. ",blur_noise; artifacting,epic,,gold,2,n/a.,2,maybe
56,images/carl_sagan_d_a_l_l_e_2024-06-13_09_36_40_-_a_photoreali-a14fb74d.webp,realistic,carl_sagan,close_up,"This an image of a man with an expression of awe on his face pressing buttons on a mystical keyboard of some sort that is emitting golden energy from it with a butterfly flying out of it. The keyboard has the name ""Can Sagan"" on it which is poorly rendered text and likely meant to say ""Carl Sagan"". There are other creatures on the keyboard which seem to have been poorly generated with quality issues. Some of the keys have blur noise in their generation as well and the logical positioning of the fingers on the man seem to be incorrectly placed with the middle fingers swapping out of parallax. ",artifacting,sacred,,gold,1,,2,skip
57,images/carl_sagan_image-0bf1e29e.png,other_attributes,space,wide,"This is an image with extremely poor resolution. It could have been a style match because of the cosmic elements and the mystical scene, but with such poor resolution it is too unclear to give it a match or to keep the image. ",other_issue,other_mood,,blue; gold,1,"Man at a table; celestial expanse; illustrative; close-up on man and globe; rich blues, golds, and oranges; cosmic glow; contemplative; galaxies, butterfly, knobs; medium shot; painterly; no terrestrial elements
",2,skip
58,images/columbia_alternata_chat_g_p_t_image_jun_5_2025_07_29_18-9d3f6f21.png,painterly,columbia_alternata,medium,"This is an elephant being electrocuted by Tesla coils as an homage to the urban myth of Topsy the Elephant being electrocuted on purpose by Edison versus Tesla in the history of the United States. Because of that theme this is a strong fit for Columbia Alternata, which in turn is a key indicator of a strong style match. There is a slight flaw in one hand of a person as a form of artifacting but everything else seems to be clean. ",artifacting,eerie,People present.,green; pastel; other_palette,4,"An elephant, crackling with electricity, stands on a wooden platform. The setting is a stormy, dark sky with tall, industrial towers. The style is realism with dramatic lighting. The composition is a low-angle, full shot. The palette is moody and desaturated with pops of electric blue. The mood is intense and ominous. Details include glowing eyes, tesla coils, and onlookers in hats. Camera is eye-level. Post-processing adds a cinematic feel. Avoid: bright colors, modern elements, happy expressions.
",4,keep
59,images/columbia_alternata_chat_g_p_t_image_jun_5_2025_07_42_27-00fdaed0.png,painterly,columbia_alternata,wide,"This is an image of an elephant breaking free on a stage with electricity striking out two Tesla coils surrounding it. This appears to be from the late 1800s or early 1900s with the men in the crowd dressed in old-time attire. It looks like a painting and not a realistic depiction. However, even with the stylistic liberties with a painting, there are issues with the generation of the hands of the people sometimes having only four fingers and sometimes five. Some of the men are completely blurred as well. This image is in reference to the story of Topsy the elephant but where the elephant breaks free and survives.  ",blur_noise; artifacting,eerie,People present.,green; other_palette,2,"An elephant; A stage with a crowd and tall towers; An illustrative, dramatic style; A wide shot with the elephant dominating the center, and a crowd below; Earthy tones with electric blue and bright yellow highlights; Dramatic, high contrast lighting with visible electrical arcs; A sense of awe and terror; Elephant, lightning, crowd; Medium shot, eye-level; Soft focus, atmospheric perspective; Avoid realism, text, and people not reacting.
",4,keep
60,images/columbia_alternata_chat_g_p_t_image_jun_5_2025_11_43_57-51cf51f5.png,painterly,columbia_alternata,medium,"This is a fictional statue of Abraham Lincoln that seems to be in front of Boston Harbor. It is likely from an alternate timeline of some sort. The statue of the historical figure made of granite or concrete towers above the waterway, in front of a serene scene with boats peacefully floating in the water. The image looks like a painting and not realistic, with an almost bronze type of motif for the color palette. ",,epic,,other_palette,5,"A stone statue of a man; a city skyline with a river and boats; classical painting; low-angle full shot; muted earth tones with blue sky; soft overcast light; somber and stoic; clouds, water, buildings; eye-level; no post-processing.",5,keep
61,images/columbia_alternata_chat_g_p_t_image_jun_5_2025_11_47_17-311154cb.png,painterly,honest_abe,medium,This is an image of a large standing stone statue of Abraham Lincoln in an alternate depiction of history since this statue is nowhere to be found in reality. The statue is likely erected in an old Boston Harbor from the late 1800s or early 1900s. He has his hand over his heart in a stoic posture and expression. There are some sail or steamboats in the water behind the statue. There is a kind of sepia type of haze style to the painting. ,,hopeful,,blue; pastel; other_palette,5,"A stone statue of a man with his hand on his chest, standing on a pedestal draped with bunting, before a waterfront cityscape with a steamboat. Realistic style. Full shot. Muted earth tones, blue sky, white clouds. Soft, diffused lighting. Solemn and stately mood. Sky, water, buildings. Eye-level perspective. Subtle texture. No text.",4,keep
62,images/columbia_alternata_chat_g_p_t_image_jun_6_2025_11_55_24-fe70c309.png,painterly,columbia_alternata,wide,"This is an old time Americana scene of a fictional city off in the ocean hovering above clouds with many American flags adorning the tops of the buildings with a big statue standing erect and many blimps or airships flying around during a fiery sunset with fluffy clouds in the sky, all shown in a painted style. Because of the American themes in a fictional and fantasy setting, this can be considered an example of the Columbia Alternata genre. Despite the strong style match, there is severe blurring and artifacting of the face of the statue which is distracting as a quality issue. The lightning under the biggest blimp does not seem coherent logically in the image as well. ",blur_noise; artifacting,hopeful,Clouds. People present.,blue; gold; pastel,2,"A grand, ornate building with domes and flags, floating above a city. Three dirigibles hover in the sky, one emitting lightning. A statue stands on a balcony overlooking the scene. Soft, warm light illuminates the architecture and clouds. Epic, awe-inspiring. Statues, airships, lightning. Wide angle.
",5,keep
63,images/columbia_alternata_chat_g_p_t_image_jun_7_2025_12_34_34-d0beec8e.png,painterly,columbia_alternata,medium,"This is an image styled like a painting of an alternate Statue of Liberty in a fantastical American past. The statue is standing tall, towering over a historic town that looks like a floating island of buildings but is actually slightly attached to the lake or ocean below by some columns. There are a few people on an unrelated platform in the foreground gazing at the scene. ",,hopeful,Clouds. People present.,pastel; other_palette,4,"A colossal statue holding a torch; a sprawling city built on floating islands; classical painting; wide shot; golden hour; dramatic; ethereal, clouds, architecture; eye-level; subtle grain; no text or logos.
",5,keep
64,images/columbia_alternata_image_fx_2-e8584154.jpg,realistic,lakes,medium,"This is a robotic eagle adorned with patriotic American colors painted like the American flag soaring high above a lake with windmills strutting off a very small island in the middle. The time of day is early sunrise. There is a quality issue of artifacting with the blades of the windmills strutting out into the lake, with illogical flaps on some of the blades. ",artifacting,hopeful,,blue; other_palette,2,"Mechanical eagle with American flag wings; over a body of water with a dam and wind turbines; realistic; low angle; warm palette; golden hour lighting; majestic; sky, water, turbines; medium shot; sharp focus; no text.
",3,maybe
65,images/columbia_alternata_whisk_062eb49e3b-15219d5b.jpg,painterly,columbia_alternata,wide,An elephant breaking free of its constraints charged withe electricity showing beaming red eyes and breaking the wooden platform it is standing on. The scene is chaotic with many people be flown about or shown in distress and motion. There are many American flags everywhere and the style of wardrobe of the men in the crowd make it appear as though it is from the early 1900s. ,artifacting; other_issue,other_mood,Limb morphing.,blue,1,"An elephant, on a wooden platform, in a realistic style. Wide shot of a crowd below, with a cloudy, dramatic sky. A palette of muted blues, grays, and browns, with bright white lightning. A chaotic and awe-inspiring mood. Lightning, electricity, hats. Eye-level shot. High contrast. Avoid: text, saturation, red.",4,maybe
66,images/columbia_alternata_whisk_19c08eb4af-1101a972.jpg,realistic,columbia_alternata,wide,"This is a scene from the Columbia Alternata genre where an elephant appears to be electrocuted as a type of demonstration, possibly an homage to the myth (and debunked) case of Edison electrocuting Topsy the Elephant as a demonstration against Tesla's form of electricity generation. This is an alternate depiction of a similar type of topic or event where the elephant becomes enraged, survives, and causes destruction. There is a large crowd of people being flung about chaotically. There are some severe quality issues in small parts where people are deformed. ",artifacting; duplicate,eerie,People present.,blue,2,"Elephant; stormy sky with lightning; cinematic; low angle; desaturated, grey, blue, orange; dramatic, high contrast; suspenseful; power, chaos, crowd; wide shot; sharp focus; no text, no people clearly defined.
",5,keep
67,images/columbia_alternata_whisk_425a69d9c8-6a8e4d9f.jpg,realistic,columbia_alternata,close_up,"A symbol of patriotism in America that is fitting of the Columbia Alternata genre. It is a robotic bald eagle soaring above what appears to be the Grand Canyon. The scene could be in the future but also possibly in the past, as it's devoid of any pulsating energy that would indicate any higher technology than robotics. It could be more mechanical than robotic.",,epic,,blue; other_palette,4,"Eagle with patriotic flag-themed wings; soaring over a canyon; realistic rendering; eye-level perspective; warm, natural colors with vibrant red, white, and blue accents; bright, overhead sunlight; powerful, majestic; feathers, metal, canyons; medium shot; sharp focus; no text, no watermarks.",4,keep
68,images/columbia_alternata_whisk_6a7cf06f19-df3ca2aa.jpg,realistic,columbia_alternata,wide,"The image consists of a large statue of Abraham Lincoln standing tall before a serene depiction of what looks like Boston Harbor. It's not clear what time period it is because there is what appears to be a stout modern day business building in the bottom left part of the frame of image behind the black sailboat, that when looked at more closely resembles a modern day building. If that was not considered though this would likely be from the late 1800s or early 1900s, more consistent with the Columbia Alternata genre and its motifs of alternate timeline from that time period. There is the typical adornment of patriotic red, white and blue colors in United States of America patriotic style, which is noticeable with the flag draped at the base of the Abraham Lincoln statue. However, there are also flags from what appears tot be other countries that adorn the sail ships the water, giving a hopeful tone of unity along with the scene. ",blur_noise,hopeful,Clouds. Water. Statue.,blue; pastel,4,"Statue of a man in a suit, waterfront city with historic buildings and a river; realistic, eye-level view; blue sky with scattered clouds; bright daytime; celebratory; flags, ships, buildings; wide-angle lens; vibrant colors, sharp focus; no people.
",4,keep
69,images/columbia_alternata_whisk_8d0abe99ce-a6991cc3.jpg,painterly,columbia_alternata,wide,"This is a scene of the elephant Topsy being electrocuted by Tesla coils in front an large crowd for an audience. This is a play off the myth that Edison electrocuted an elephant as a demonstration against Tesla's from of electricity generation. The people in the crowd are anatomically correct for the most part, but seem to have been blurred as noise near the background slightly right of the stage the elephant is standing on. The Tesla coils too extend too far back in perspective and aren't logically aligned physically to the elephant with the last two in the back. ",blur_noise; duplicate; other_issue,eerie,Clouds. People present.,blue; gold,3,"An elephant standing on a platform; a crowd watching; dramatic, detailed; medium shot; brown, gold, grey; stark contrast, dramatic shafts of light; awe-inspiring; lightning, electricity, clouds; wide angle; digital painting; no text.
",4,keep
70,images/columbia_alternata_whisk_a12b2f9125-b6968955.jpg,realistic,birds,medium,"This could also be part of the Columbia Alternata genre, but its main category match would that of birds. The main subject is a robotic bird made of chrome and painted with USA colored wings in the style of the American flag. It soars above a canyon in the background, maybe the Grand Canyon. The rendering of the bird was almost perfect, but on its right claw it has three talons while on left it has four.",artifacting,hopeful,,blue,4,"A mechanical eagle with flag wings, soaring over a canyon, digital art, wide shot, vibrant red, white, blue, and earthy tones, dramatic sunlight, awe-inspiring, chrome, feathers, canyons, aerial perspective, sharp focus, avoid text.",4,keep
71,images/columbia_alternata_whisk_d174973f25-c8535751.jpg,realistic,columbia_alternata,wide,"This is an image of an elephant being shocked by electricity on a stage during the late 1800s or early 1900s most likely. It is likely a similar reference to an event featuring Thomas Edison and an elephant named Tops that occurred in 1903. This is a fitting event that could be incorporated into the Columbia Alternata genre, defined as part of this project.",,eerie,People present.,blue; other_palette,4,"An elephant crackling with blue lightning; outdoors, on a wooden platform before two tall metal towers; hyperrealistic; a low-angle wide shot; blue, grey, and orange; dramatic, electric; awe-inspiring, power, electricity; wide shot, telephoto; high detail; no text or watermarks.
",5,keep
72,images/columbia_alternata_whisk_storyboard34051dac6d7e4688a24a-58fac61e.png,painterly; photobash,columbia_alternata,wide,"This is an image of a steampunk styled man and cityscape with buildings and platform that exist in a canal full of water. There is water as far as the eye can see as if the city was built in the middle of an ocean or waterlogged area like a large river or lake. The buildings are round and vertical and adorned with thin American flags at the top waving in the wind. The air is full of airships, which are steampunk styled blimps with big rockets attached to them. In the foreground is the steampunk man with googles holding some kind of brass contraption standing on a copper or brass platform. The scene occurs during sunset. ",duplicate,epic,Person present.,gold,4,"A man with goggles holds a device. A city with ornate, towering architecture and flying airships. Steampunk. Medium shot. Warm, golden hues. Patriotic, adventurous. Flags, towers, airships. Eye-level perspective. Soft glow. Avoid: present-day, cartoon, fantasy.
",5,keep
73,images/columbia_alternata_whisk_storyboard34051dac6d7e4688a24a-c892fea4.png,painterly,columbia_alternata,wide,"This is an image indicative of the Columbia Alternata genre, a mixture of strong American symbolism and steampunk stylistic elements within an alternate timeline. The scene is of a waterlogged steampunk American city with many dirigibles in the sky with big jet turbines. There is no solid natural ground and the one person in the image is standing on a wooden or possibly copper or brass platform. The man is middle aged with some scruff, Caucasian, and is wearing some steampunk goggles on top of his head off his face. He is holding some kind of metallic contraption. While not to be considered a clear quality issues, the American flags seem too thin or frayed for this image. ",,hopeful,Person present.,blue; other_palette,4,"A man with goggles holds a device. A city with ornate, towering architecture and flying airships. Steampunk. Medium shot. Warm, golden hues. Patriotic, adventurous. Flags, towers, airships. Eye-level perspective. Soft glow. Avoid: present-day, cartoon, fantasy.
",5,keep
,,,,,,,,,,,,,
,,,,,,,,,,,,,
,,,,,,,,,,,,,
,,,,,,,,,,,,,
,,,,,,,,,,,,,
,,,,,,,,,,,,,
,,,,,,,,,,,,,
,,,,,,,,,,,,,
,,,,,,,,,,,,,
,,,,,,,,,,,,,
,,,,,,,,,,,,,
,,,,,,,,,,,,,
,,,,,,,,,,,,,
,,,,,,,,,,,,,
,,,,,,,,,,,,,
,,,,,,,,,,,,,
,,,,,,,,,,,,,
,,,,,,,,,,,,,
,,,,,,,,,,,,,
,,,,,,,,,,,,,
,,,,,,,,,,,,,
,,,,,,,,,,,,,
,,,,,,,,,,,,,
,,,,,,,,,,,,,
,,,,,,,,,,,,,
,,,,,,,,,,,,,
,,,,,,,,,,,,,
,,,,,,,,,,,,,
,,,,,,,,,,,,,
,,,,,,,,,,,,,
,,,,,,,,,,,,,
,,,,,,,,,,,,,
,,,,,,,,,,,,,
,,,,,,,,,,,,,
,,,,,,,,,,,,,
,,,,,,,,,,,,,
,,,,,,,,,,,,,
,,,,,,,,,,,,,
,,,,,,,,,,,,,
,,,,,,,,,,,,,
,,,,,,,,,,,,,
,,,,,,,,,,,,,
,,,,,,,,,,,,,
,,,,,,,,,,,,,
,,,,,,,,,,,,,
,,,,,,,,,,,,,
,,,,,,,,,,,,,
,,,,,,,,,,,,,
,,,,,,,,,,,,,
,,,,,,,,,,,,,
,,,,,,,,,,,,,
,,,,,,,,,,,,,
,,,,,,,,,,,,,
,,,,,,,,,,,,,
,,,,,,,,,,,,,
,,,,,,,,,,,,,
,,,,,,,,,,,,,
,,,,,,,,,,,,,
,,,,,,,,,,,,,
,,,,,,,,,,,,,
,,,,,,,,,,,,,
,,,,,,,,,,,,,
,,,,,,,,,,,,,
,,,,,,,,,,,,,
,,,,,,,,,,,,,
,,,,,,,,,,,,,
,,,,,,,,,,,,,
,,,,,,,,,,,,,
,,,,,,,,,,,,,
,,,,,,,,,,,,,
,,,,,,,,,,,,,
,,,,,,,,,,,,,
,,,,,,,,,,,,,
,,,,,,,,,,,,,
,,,,,,,,,,,,,
,,,,,,,,,,,,,
,,,,,,,,,,,,,
,,,,,,,,,,,,,
,,,,,,,,,,,,,
,,,,,,,,,,,,,
,,,,,,,,,,,,,
,,,,,,,,,,,,,
,,,,,,,,,,,,,
,,,,,,,,,,,,,
,,,,,,,,,,,,,
,,,,,,,,,,,,,
,,,,,,,,,,,,,
,,,,,,,,,,,,,
,,,,,,,,,,,,,
,,,,,,,,,,,,,
,,,,,,,,,,,,,
,,,,,,,,,,,,,
,,,,,,,,,,,,,
,,,,,,,,,,,,,
,,,,,,,,,,,,,
,,,,,,,,,,,,,
,,,,,,,,,,,,,
,,,,,,,,,,,,,
,,,,,,,,,,,,,
,,,,,,,,,,,,,
,,,,,,,,,,,,,
,,,,,,,,,,,,,
,,,,,,,,,,,,,
,,,,,,,,,,,,,
,,,,,,,,,,,,,
,,,,,,,,,,,,,
,,,,,,,,,,,,,
,,,,,,,,,,,,,
,,,,,,,,,,,,,
,,,,,,,,,,,,,
,,,,,,,,,,,,,
,,,,,,,,,,,,,
,,,,,,,,,,,,,
,,,,,,,,,,,,,
,,,,,,,,,,,,,
,,,,,,,,,,,,,
,,,,,,,,,,,,,
,,,,,,,,,,,,,
,,,,,,,,,,,,,
,,,,,,,,,,,,,
,,,,,,,,,,,,,
,,,,,,,,,,,,,
,,,,,,,,,,,,,
,,,,,,,,,,,,,
,,,,,,,,,,,,,
,,,,,,,,,,,,,
,,,,,,,,,,,,,
,,,,,,,,,,,,,
,,,,,,,,,,,,,
,,,,,,,,,,,,,
,,,,,,,,,,,,,
,,,,,,,,,,,,,
,,,,,,,,,,,,,
,,,,,,,,,,,,,
,,,,,,,,,,,,,
,,,,,,,,,,,,,
,,,,,,,,,,,,,
,,,,,,,,,,,,,
,,,,,,,,,,,,,
,,,,,,,,,,,,,
,,,,,,,,,,,,,
,,,,,,,,,,,,,
,,,,,,,,,,,,,
,,,,,,,,,,,,,
,,,,,,,,,,,,,
,,,,,,,,,,,,,
,,,,,,,,,,,,,
,,,,,,,,,,,,,
,,,,,,,,,,,,,
,,,,,,,,,,,,,
,,,,,,,,,,,,,
,,,,,,,,,,,,,
,,,,,,,,,,,,,
,,,,,,,,,,,,,
,,,,,,,,,,,,,
,,,,,,,,,,,,,
,,,,,,,,,,,,,
,,,,,,,,,,,,,
,,,,,,,,,,,,,
,,,,,,,,,,,,,
,,,,,,,,,,,,,
,,,,,,,,,,,,,
,,,,,,,,,,,,,
,,,,,,,,,,,,,
,,,,,,,,,,,,,
,,,,,,,,,,,,,
,,,,,,,,,,,,,
,,,,,,,,,,,,,
,,,,,,,,,,,,,
,,,,,,,,,,,,,
,,,,,,,,,,,,,
,,,,,,,,,,,,,
,,,,,,,,,,,,,
,,,,,,,,,,,,,
,,,,,,,,,,,,,
,,,,,,,,,,,,,
,,,,,,,,,,,,,
,,,,,,,,,,,,,
,,,,,,,,,,,,,
,,,,,,,,,,,,,
,,,,,,,,,,,,,
,,,,,,,,,,,,,
,,,,,,,,,,,,,
,,,,,,,,,,,,,
,,,,,,,,,,,,,
,,,,,,,,,,,,,
,,,,,,,,,,,,,
,,,,,,,,,,,,,
,,,,,,,,,,,,,
,,,,,,,,,,,,,
,,,,,,,,,,,,,
,,,,,,,,,,,,,
,,,,,,,,,,,,,
,,,,,,,,,,,,,
,,,,,,,,,,,,,
,,,,,,,,,,,,,
,,,,,,,,,,,,,
,,,,,,,,,,,,,
,,,,,,,,,,,,,
,,,,,,,,,,,,,
,,,,,,,,,,,,,
,,,,,,,,,,,,,
,,,,,,,,,,,,,
,,,,,,,,,,,,,
,,,,,,,,,,,,,
,,,,,,,,,,,,,
,,,,,,,,,,,,,
,,,,,,,,,,,,,
,,,,,,,,,,,,,
,,,,,,,,,,,,,
,,,,,,,,,,,,,
,,,,,,,,,,,,,
,,,,,,,,,,,,,
,,,,,,,,,,,,,
,,,,,,,,,,,,,
,,,,,,,,,,,,,
,,,,,,,,,,,,,
,,,,,,,,,,,,,
,,,,,,,,,,,,,
,,,,,,,,,,,,,
,,,,,,,,,,,,,
,,,,,,,,,,,,,
,,,,,,,,,,,,,
,,,,,,,,,,,,,
,,,,,,,,,,,,,
,,,,,,,,,,,,,
,,,,,,,,,,,,,
,,,,,,,,,,,,,
,,,,,,,,,,,,,
,,,,,,,,,,,,,
,,,,,,,,,,,,,
,,,,,,,,,,,,,
,,,,,,,,,,,,,
,,,,,,,,,,,,,
,,,,,,,,,,,,,
,,,,,,,,,,,,,
,,,,,,,,,,,,,
,,,,,,,,,,,,,
,,,,,,,,,,,,,
,,,,,,,,,,,,,
,,,,,,,,,,,,,
,,,,,,,,,,,,,
,,,,,,,,,,,,,
,,,,,,,,,,,,,
,,,,,,,,,,,,,
,,,,,,,,,,,,,
,,,,,,,,,,,,,
,,,,,,,,,,,,,
,,,,,,,,,,,,,
,,,,,,,,,,,,,
,,,,,,,,,,,,,
,,,,,,,,,,,,,
,,,,,,,,,,,,,
,,,,,,,,,,,,,
,,,,,,,,,,,,,
,,,,,,,,,,,,,
,,,,,,,,,,,,,
,,,,,,,,,,,,,
,,,,,,,,,,,,,
,,,,,,,,,,,,,
,,,,,,,,,,,,,
,,,,,,,,,,,,,
,,,,,,,,,,,,,
,,,,,,,,,,,,,
,,,,,,,,,,,,,
,,,,,,,,,,,,,
,,,,,,,,,,,,,
,,,,,,,,,,,,,
,,,,,,,,,,,,,
,,,,,,,,,,,,,
,,,,,,,,,,,,,
,,,,,,,,,,,,,
,,,,,,,,,,,,,
,,,,,,,,,,,,,
,,,,,,,,,,,,,
,,,,,,,,,,,,,
,,,,,,,,,,,,,
,,,,,,,,,,,,,
,,,,,,,,,,,,,
,,,,,,,,,,,,,
,,,,,,,,,,,,,
,,,,,,,,,,,,,
,,,,,,,,,,,,,
,,,,,,,,,,,,,
,,,,,,,,,,,,,
,,,,,,,,,,,,,
,,,,,,,,,,,,,
,,,,,,,,,,,,,
,,,,,,,,,,,,,
,,,,,,,,,,,,,
,,,,,,,,,,,,,
,,,,,,,,,,,,,
,,,,,,,,,,,,,
,,,,,,,,,,,,,
,,,,,,,,,,,,,
,,,,,,,,,,,,,
,,,,,,,,,,,,,
,,,,,,,,,,,,,
,,,,,,,,,,,,,
,,,,,,,,,,,,,
,,,,,,,,,,,,,
,,,,,,,,,,,,,
,,,,,,,,,,,,,
,,,,,,,,,,,,,
,,,,,,,,,,,,,
,,,,,,,,,,,,,
,,,,,,,,,,,,,
,,,,,,,,,,,,,
,,,,,,,,,,,,,
,,,,,,,,,,,,,
,,,,,,,,,,,,,
,,,,,,,,,,,,,
,,,,,,,,,,,,,
,,,,,,,,,,,,,
,,,,,,,,,,,,,
,,,,,,,,,,,,,
,,,,,,,,,,,,,
,,,,,,,,,,,,,
,,,,,,,,,,,,,
,,,,,,,,,,,,,
,,,,,,,,,,,,,
,,,,,,,,,,,,,
,,,,,,,,,,,,,
,,,,,,,,,,,,,
,,,,,,,,,,,,,
,,,,,,,,,,,,,
,,,,,,,,,,,,,
,,,,,,,,,,,,,
,,,,,,,,,,,,,
,,,,,,,,,,,,,
,,,,,,,,,,,,,
,,,,,,,,,,,,,
,,,,,,,,,,,,,
,,,,,,,,,,,,,
,,,,,,,,,,,,,
,,,,,,,,,,,,,
,,,,,,,,,,,,,
,,,,,,,,,,,,,
,,,,,,,,,,,,,
,,,,,,,,,,,,,
,,,,,,,,,,,,,
,,,,,,,,,,,,,
,,,,,,,,,,,,,
,,,,,,,,,,,,,
,,,,,,,,,,,,,
,,,,,,,,,,,,,
,,,,,,,,,,,,,
,,,,,,,,,,,,,
,,,,,,,,,,,,,
,,,,,,,,,,,,,
,,,,,,,,,,,,,
,,,,,,,,,,,,,
,,,,,,,,,,,,,
,,,,,,,,,,,,,
,,,,,,,,,,,,,
,,,,,,,,,,,,,
,,,,,,,,,,,,,
,,,,,,,,,,,,,
,,,,,,,,,,,,,
,,,,,,,,,,,,,
,,,,,,,,,,,,,
,,,,,,,,,,,,,
,,,,,,,,,,,,,
,,,,,,,,,,,,,
,,,,,,,,,,,,,
,,,,,,,,,,,,,
,,,,,,,,,,,,,
,,,,,,,,,,,,,
,,,,,,,,,,,,,
,,,,,,,,,,,,,
,,,,,,,,,,,,,
,,,,,,,,,,,,,
,,,,,,,,,,,,,
,,,,,,,,,,,,,
,,,,,,,,,,,,,
,,,,,,,,,,,,,
,,,,,,,,,,,,,
,,,,,,,,,,,,,
,,,,,,,,,,,,,
,,,,,,,,,,,,,
,,,,,,,,,,,,,
,,,,,,,,,,,,,
,,,,,,,,,,,,,
,,,,,,,,,,,,,
,,,,,,,,,,,,,
,,,,,,,,,,,,,
,,,,,,,,,,,,,
,,,,,,,,,,,,,
,,,,,,,,,,,,,
,,,,,,,,,,,,,
,,,,,,,,,,,,,
,,,,,,,,,,,,,
,,,,,,,,,,,,,
,,,,,,,,,,,,,
,,,,,,,,,,,,,
,,,,,,,,,,,,,
,,,,,,,,,,,,,
,,,,,,,,,,,,,
,,,,,,,,,,,,,
,,,,,,,,,,,,,
,,,,,,,,,,,,,
,,,,,,,,,,,,,
,,,,,,,,,,,,,
,,,,,,,,,,,,,
,,,,,,,,,,,,,
,,,,,,,,,,,,,
,,,,,,,,,,,,,
,,,,,,,,,,,,,
,,,,,,,,,,,,,
,,,,,,,,,,,,,
,,,,,,,,,,,,,
,,,,,,,,,,,,,
,,,,,,,,,,,,,
,,,,,,,,,,,,,
,,,,,,,,,,,,,
,,,,,,,,,,,,,
,,,,,,,,,,,,,
,,,,,,,,,,,,,
,,,,,,,,,,,,,
,,,,,,,,,,,,,
,,,,,,,,,,,,,
,,,,,,,,,,,,,
,,,,,,,,,,,,,
,,,,,,,,,,,,,
,,,,,,,,,,,,,
,,,,,,,,,,,,,
,,,,,,,,,,,,,
,,,,,,,,,,,,,
,,,,,,,,,,,,,
,,,,,,,,,,,,,
,,,,,,,,,,,,,
,,,,,,,,,,,,,
,,,,,,,,,,,,,
,,,,,,,,,,,,,
,,,,,,,,,,,,,
,,,,,,,,,,,,,
,,,,,,,,,,,,,
,,,,,,,,,,,,,
,,,,,,,,,,,,,
,,,,,,,,,,,,,
,,,,,,,,,,,,,
,,,,,,,,,,,,,
,,,,,,,,,,,,,
,,,,,,,,,,,,,
,,,,,,,,,,,,,
,,,,,,,,,,,,,
,,,,,,,,,,,,,
,,,,,,,,,,,,,
,,,,,,,,,,,,,
,,,,,,,,,,,,,
,,,,,,,,,,,,,
,,,,,,,,,,,,,
,,,,,,,,,,,,,
,,,,,,,,,,,,,
,,,,,,,,,,,,,
,,,,,,,,,,,,,
,,,,,,,,,,,,,
,,,,,,,,,,,,,
,,,,,,,,,,,,,
,,,,,,,,,,,,,
,,,,,,,,,,,,,
,,,,,,,,,,,,,
,,,,,,,,,,,,,
,,,,,,,,,,,,,
,,,,,,,,,,,,,
,,,,,,,,,,,,,
,,,,,,,,,,,,,
,,,,,,,,,,,,,
,,,,,,,,,,,,,
,,,,,,,,,,,,,
,,,,,,,,,,,,,
,,,,,,,,,,,,,
,,,,,,,,,,,,,
,,,,,,,,,,,,,
,,,,,,,,,,,,,
,,,,,,,,,,,,,
,,,,,,,,,,,,,
,,,,,,,,,,,,,
,,,,,,,,,,,,,
,,,,,,,,,,,,,
,,,,,,,,,,,,,
,,,,,,,,,,,,,
,,,,,,,,,,,,,
,,,,,,,,,,,,,
,,,,,,,,,,,,,
,,,,,,,,,,,,,
,,,,,,,,,,,,,
,,,,,,,,,,,,,
,,,,,,,,,,,,,
,,,,,,,,,,,,,
,,,,,,,,,,,,,
,,,,,,,,,,,,,
,,,,,,,,,,,,,
,,,,,,,,,,,,,
,,,,,,,,,,,,,
,,,,,,,,,,,,,
,,,,,,,,,,,,,
,,,,,,,,,,,,,
,,,,,,,,,,,,,
,,,,,,,,,,,,,
,,,,,,,,,,,,,
,,,,,,,,,,,,,
,,,,,,,,,,,,,
,,,,,,,,,,,,,
,,,,,,,,,,,,,
,,,,,,,,,,,,,
,,,,,,,,,,,,,
,,,,,,,,,,,,,
,,,,,,,,,,,,,
,,,,,,,,,,,,,
,,,,,,,,,,,,,
,,,,,,,,,,,,,
,,,,,,,,,,,,,
,,,,,,,,,,,,,
,,,,,,,,,,,,,
,,,,,,,,,,,,,
,,,,,,,,,,,,,
,,,,,,,,,,,,,
,,,,,,,,,,,,,
,,,,,,,,,,,,,
,,,,,,,,,,,,,
,,,,,,,,,,,,,
,,,,,,,,,,,,,
,,,,,,,,,,,,,
,,,,,,,,,,,,,
,,,,,,,,,,,,,
